{
  "alice": [
    {
      "entropy": "182301471f6892728ae56bb95b54396e",
      "mnemonic": "blouse blossom fade disagree matrix deer clog pulp rich survey atom tackle",
      "seed": "91a60250b6a45c07cdb3e0394cc2ebd1bb91bd2628c586a3131ead9c8c0d407ba06c8b4bea6a6a475e06ea312241de050fc9c88b651ee3ddd5e1379de97b1f32",
      "xprivMaster": "tprv8ZgxMBicQKsPemXDEPPcJwAkrgszB75x5Lv99sqqifnLgcqrHBoXrTKbeQAMncrUwV6xwqZmhJXzKzQZuqcETEE2sdvNKYLQnZAKAGp7CRs",
      "privKeyMaster": "3db7641394f017746d9f38125eb1e84b6ee8db0e1939949e97802904fc72bdb0",
      "wifMaster": "cPefpopKGSrh6jh7scQt8jfq9CEWCNGhruNZ61R5BGqaqVAtgVp6",
      "xpubMaster": "tpubD6NzVbkrYhZ4YEZ1834CiLpsRiPvLSGreeWvSPt98wajX76cuad82wwTpZWRn74XpBWWG8s1F2xwjy4d8fZbRE8NrTK4n26a5uChTHhgpf2",
      "pubKeyMaster": "0379b9bbb9fff8a286dddcda0ec3fc1172b3320f0a8233032d3071ea70bfab95c2",
      "pubKeyFingerprintMaster": "96a1f656"
    },
    {
      "xpriv": "tprv8fdMUVqCQ5pAQLj3ReLEQevoNeni1eAqCTrbgLKE1cJt7iN3baed3DmGWpR7NRssvdBE8qqQVLVGaWaZ37A4GCvCzrtQzuVjMqT7dydZf7C",
      "privKey": "4dce80aad60aee8ea17c307ae00baa6cff261b780af68b86eedae36ba657dd81",
      "wif": "cQBwuzEBYQrbWKFZZFpgitRpdDDxUrT1nzvhDWhxMmFtWdRnrCSm",
      "xpub": "tpubDCKPcusSYTVqHokqKHzpp4auwgJeAyMjmmTNxrMXRt7GxCcpDyUDDiP8gybjM2kdkZAqh4z9n7QRDeK8mpsmKymY59KLrg9JPbyjTMfTJQY",
      "pubKey": "03745c9aceb84dcdeddf2c3cdc1edb0b0b5af2f9bf85612d73fa6394758eaee35d",
      "pubKeyHash": "fb8820f35effa054399540b8ca86040d8ddaa4d5",
      "pubKeyFingerprint": "fb8820f3",
      "p2pkh": "n4SvybJicv79X1Uc4o3fYXWGwXadA53FSq",
      "p2sh-p2wpkh": "2MzFvFvnhFskGnVQpUr1ZPr4wYWLwf211s6",
      "p2wpkh": "bcrt1qlwyzpu67l7s9gwv4gzuv4psypkxa4fx4ggs05g"
    },
    {
      "xpriv": "tprv8fdMUVqCQ5pAUFBkXM8X4JqeSDhTi1mrmKQcxZW1XeGCfqqhREeWZXP2NoMrjYcfqtZWGTdrLTAxNBhRH7kHYuMuvn2W7kR8sm5b5fyXU9B",
      "privKey": "19ce51bca110b5790a1d1abc93783a3694c00e5c5148620cd6f27fac611c3f09",
      "wif": "cNSs88aArgZeHrq7wpq8B56k1LGi4BVbSHqzYDic9ztju6TruHM5",
      "xpub": "tpubDCKPcusSYTVqMiDYQzo7TiVm1FDPsLxmLd1QF5YJwv4bWL6U3dU6k1ztYwTsNzCkqaxkHmLsnGY25JoLgzsyzcUN77RBMLgjXGnGMmtV3ye",
      "pubKey": "02b233055e060a554201d227a0b9d019cf24468ab1a7d9446c423a198cfbf956d5",
      "pubKeyHash": "0b85d9b75f55ad9d42ea2ae9a245568ca34932f6",
      "pubKeyFingerprint": "0b85d9b7",
      "p2pkh": "mgZt5Fqzszdwf8hDgZt3mUf7js611aKRPc",
      "p2sh-p2wpkh": "2N95xbaytPcRBwi2HmUTumE7YSfLBk8po99",
      "p2wpkh": "bcrt1qpwzand6l2kke6sh29t56y32k3j35jvhkrn9s5l"
    },
    {
      "xpriv": "tprv8fdMUVqCQ5pAVpmNgQycAZx5WdrxPqVbNaji2Sos97Yg2WE1WWGMGFtBQisYYVxfLN4jGFpFrFLCcoA9bECvkrL8Zb2Ymg2sNA6tTup1mp5",
      "privKey": "b9ede4ac299cb7473f2516ed2dbc1a3ec6e8cf9cdadeac00c938fb174d6662d5",
      "wif": "cTp88sXB3ZDrWNnD1BtShjREFrw8eCs87bZncrZitryhFbiT2mmQ",
      "xpub": "tpubDCKPcusSYTVqPHoAa4eCZycC5fNtZAgVwtLVJxrAZPM4rzUn8u5wSkW3apf4pKfn7ABiEc7e3hwKEiJMpDHq9v8qHRXL1xzHi6bS1KoGeJg",
      "pubKey": "0220f2d0315bf811009bf82069dc6be7225cab598d0f3504695539d631711b6252",
      "pubKeyHash": "f1c63bbd3d0a20865c43406fcfc09ad953b23aa0",
      "pubKeyFingerprint": "f1c63bbd",
      "p2pkh": "n3ZLcnCtfRucM4WLnXqukm9bTdb1PWeETk",
      "p2sh-p2wpkh": "2NC9jSfJyLLAKQgzxSJ7QGrq4X3Wgh34kCb",
      "p2wpkh": "bcrt1q78rrh0fapgsgvhzrgphulsy6m9fmyw4q2ehuh6"
    }
  ],
  "bob": [
    {
      "entropy": "28c8b37e1462a460fafa440d3ec66d29",
      "mnemonic": "churn easily test churn clean corn typical embrace artwork wage opera fame",
      "seed": "756cc32ffb263732758726f6c1e5a0b3a2a7aa76556567946f0277634f6f9184f33805a1bacc067089c831ee9c6742d8d391a1c08129775756afc36c3b8767c2",
      "xprivMaster": "tprv8ZgxMBicQKsPe58FjHQLEzn1FBrxyHPUhQtpayjMWssUfraCxP5GbAcZdwnPfKkQcSA3jWSCGC1WH5An9piEJho6cpRXS9fAWsXHUMYaQzA",
      "privKeyMaster": "e5ae5079523415a4290b0c02615732a50fdf84f8d1100bf2f5c8f02e1de6cce0",
      "wifMaster": "cVHAtbY8yTpRaFsPwdvRtNMNeTmVQP7LLW7FD53Mbjan4c55oS62",
      "xpubMaster": "tpubD6NzVbkrYhZ4XYA3cw4veQS7pDNu8caPGiVbsVmew9fsWLpyamtrmfERp5nTQkGidxAEF5aqGX7QVr7RtQUuUMMNznzdmY7zGmtpaCaKtxP",
      "pubKeyMaster": "037092709cc49343652384627fee5c9db3c3680d699d989dfb46a6fd28a1ff8fb2",
      "pubKeyFingerprintMaster": "42d18d1f"
    },
    {
      "xpriv": "tprv8h4mmmehwB5GKzoVGQxqnDNGqbqgsXga2hh4iQ7MmiHA5bd6qDWzqAzReUe3mcH4eHRLcuF7YmHz8ctGpc69wcZL7QoXwjAEc9GRLfWeFZt",
      "privKey": "1d9944b5497b6b9ac6f52ac3bc077bc01610b8401d799eaa35e83b44ed858139",
      "wif": "cNaEjitvA19JZxWAFyCFMsm16TvGEmVAW3AkPnVr8E9vgwdZWMGV",
      "xpub": "tpubDDkovBgx5YkwDTqHA4dSBd2PQdMd2rsUc1Hqzv9fBz5Yv5ssTcLb1fcHpcKqHUpG9cHMZDSpeWcq3XJLvHDJeW91aFuuR3y96dHKZkdw1X2",
      "pubKey": "027efbabf425077cdbceb73f6681c7ebe2ade74a65ea57ebcf0c42364d3822c590",
      "pubKeyHash": "03f338e0f898ef40f1eb6734dc1f5aa72a4161f8",
      "pubKeyFingerprint": "03f338e0",
      "p2pkh": "mfsqh18UT3XjpJ8yVeiM7YX1mLxq5REG9d",
      "p2sh-p2wpkh": "2N8QRLVT9VTa5ryoqSbGhGqq1x3FKp9SfoJ",
      "p2wpkh": "bcrt1qq0en3c8cnrh5pu0tvu6dc8665u4yzc0cw9nweq"
    },
    {
      "xpriv": "tprv8h4mmmehwB5GNHiAy8Q4xn7rTT67amTTHdsm3myMcPhXvxcnapcHNhKAWVPmxvAVLs2TFQUQSjw3vzHiVMp1gmb9GPohqAgPJZa9vp97HV5",
      "privKey": "03993d9ca5b282eea78ac41afa713be51dad940b9976c073ab190ee80d0a239d",
      "wif": "cMhhNRoKiJP37jwwDjoXBhMRk8aEiTTe7fLbFNUc3HwD4jLciNfd",
      "xpub": "tpubDDkovBgx5YkwFkjxrn4fNBmy2Uc3k6eMrwUYLJ1f2fVvmSsZDDRsZBw2gdxPy54XpMUPCKruAaUsGa29X16mcYX6n7aK1uvK37EHUpd7cCb",
      "pubKey": "02d8698e38dc413e175c60290b223c0cf175d15f22c889bc98849e81548e1a3168",
      "pubKeyHash": "1bf41b0d5729e00b36bf0237a84d0b9746fcc1cd",
      "pubKeyFingerprint": "1bf41b0d",
      "p2pkh": "mi4kxzYMgjqdqjvfLkHGPi7R1ZrLMx2BH7",
      "p2sh-p2wpkh": "2N6j5eEZzeouYMkHLXU5vU4BorXPhAR43NZ",
      "p2wpkh": "bcrt1qr06pkr2h98sqkd4lqgm6sngtjar0eswdrpttw7"
    },
    {
      "xpriv": "tprv8h4mmmehwB5GS36HRJyanaa9Z7DLVry1Z8sp9vDett8df4JiNVUR3oa6uu4S1LSjXmMWHcEbCGYmtddYFyZzTuAa2ofRSm1cWcdZqhNca7w",
      "privKey": "9d1dc4bd64a510f1ec30ce1712bc50b2824eabfcae0fcd79976b2110df7ddfbd",
      "wif": "cSr7dfYATGQzMaS66caTGX3n2owEr5YcMUdmHSc3prj8zfusFz4s",
      "xpub": "tpubDDkovBgx5YkwKW85JxeBBzEG88jGfC9v8SUbSSFxK9w2VYZUztJ1EJBy62ptW9urcCfT74q2kKyBMvoejdks1EzRvZHdYzxbrC8ATcXimvk",
      "pubKey": "03091bf7a5f90630c7c6c10d68d5555917668d307565ed7ba458e69d137b33f86b",
      "pubKeyHash": "8236b4b6e79b48df5ca2617c6bb73fa281a83e07",
      "pubKeyFingerprint": "8236b4b6",
      "p2pkh": "msPTg2SY8YasMCcCxgA4LocqdxP9SDz8uu",
      "p2sh-p2wpkh": "2NEBdHDRNphUosaHENxyxs3Qp498NHgVtUz",
      "p2wpkh": "bcrt1qsgmtfdh8ndyd7h9zv97xhdel52q6s0s8597nzc"
    }
  ],
  "carol": [
    {
      "entropy": "61628dbe355f4675d895d399b984aaf4",
      "mnemonic": "gesture behave hurdle height virtual depend girl risk often slow click trial",
      "seed": "2c335b239ca3f9f1b4ca0a3026832214ca6209877009e18b90ab5b9f54706161e3109e98b46fc2a78984503467c1899ae0690cfd89112ed0cee5f9b9c7ab84c5",
      "xprivMaster": "tprv8ZgxMBicQKsPeDhXotfwyNcbMKXGkqErJZ5eDgsfSpJ31fgry34VBqjnyCSVgRkGHms78MN3EHqp91s2Crzr4aFHm2taEiKWRQk6jAde4Zm",
      "privKeyMaster": "2d7d443d24cfe1c5c86669dd0ae28c63812acfc1d9ff08943ae5ecde66f96135",
      "wifMaster": "cP78KGzMDDqXcapTjFjakbBAqgyW6q1T8GgTMCbcd22mDS6WNrS3",
      "xpubMaster": "tpubD6NzVbkrYhZ4XgjKhYLYNnGhvM3CvARksrgRWCuxs66Rr9wdbRt5NLMf9NcQBbrjbbVYUKNrQwtikYwDMsNGxerTcSrJEcS5sehkxzZJd9m",
      "pubKeyMaster": "03d61decee15d4cdae07e0c665cf26e54846272d0791a953dfd426f607280bcfe4",
      "pubKeyFingerprintMaster": "8d3c2e13"
    },
    {
      "xpriv": "tprv8gwH3MfJRRBk2RD4WUeMz5aYttG3NQpCL5W4a97pdyQW5DTCukxA9Bi21vvaB1ys1t89ywak4CdKzzRRbxPhwmkQZHiVkJFmNb5L9bDdG7Y",
      "privKey": "5dd33245e949acf42a2d066a498a4060faf87a154d8889a3fbedcf6df2f10ef8",
      "wif": "cQj5thuudcupEQo5WTYqVzs6ZtPGkdfCepNUpgJe6VAFeKFfhMtW",
      "xpub": "tpubDDdKBmhYZnsQutErQ8JxPVEfTumyXk16uP6qrfA84FCtuhhyY9mkKgKtC3biozuUVov2GXNszmKPVMTbg7ftPY3RBhDw897S7eHrDjzX4vJ",
      "pubKey": "023a11cfcedb993ff2e7523f92e359c4454072a66d42e8b74b4b27a8a1258abddd",
      "pubKeyHash": "1053863792b523fff2252ea687da9ebcd402ead1",
      "pubKeyFingerprint": "10538637",
      "p2pkh": "mh1HAVWhKkzcvF41MNRKfakVvPV2sfaf3R",
      "p2sh-p2wpkh": "2MyfuZkCtYeSEA4LjJAkkxW6zxdyhKnVyBX",
      "p2wpkh": "bcrt1qzpfcvdujk53llu3996ng0k57hn2q96k3dwmytw"
    },
    {
      "xpriv": "tprv8gwH3MfJRRBk3m5Ym1CCMg8ixcr2CvBQsFPwPgK4rbKHLPAR5g32WFoeAxuMiAWfjff7e7651QB4ZHSaSVLYGQ7P1g3nVtqemqmvnsnNDQ6",
      "privKey": "2b8fba1aa3e324adda8f828aeafb4e5197090deb8b7fdf6f528688a832d80158",
      "wif": "cP3NxUDcpQGmSEftJ9VVznpMXh8AHkyj9qczSUz2HHjweK2PjcsJ",
      "xpub": "tpubDDdKBmhYZnsQwE7Leernm5nqXeMxNFNKSYzigCMNGs7gAsRBi4rcgkRWM9C5zPjEv4JMwNwV5dCCkK56vUo7a7tBcEJ6pBjYDC4EHLYp5Dm",
      "pubKey": "03e3aee22cc50638083afa8bd60da82cc351588619610566ca28cc50620e3f8cd9",
      "pubKeyHash": "ed67278516aa8e224479150d8648ca2e0a2c0e9a",
      "pubKeyFingerprint": "ed672785",
      "p2pkh": "n3AE1ou9qaJvM8yyhEKg8ktDKYY2aJbGcK",
      "p2sh-p2wpkh": "2MttMce5bYsZu22bFvXCKcosef9aJ4Bg36s",
      "p2wpkh": "bcrt1qa4nj0pgk428zy3rez5xcvjx29c9zcr5654qqzm"
    },
    {
      "xpriv": "tprv8gwH3MfJRRBk7Lo7UufdydnNpj1HTQtEAEoG8DWhnakNEkwGLzEmp8Hcev2nFbWgNGj4iDE676VgCHnbi6rzmgfJky8aqm6uXJXnvFbGRsm",
      "privKey": "5ec8abddc483200a96ac9f909d30f19fb7a258548888fdc45b85f1840cd8e762",
      "wif": "cQkx12ymQJW4yiqRUefqFrYZR6oxHrNBoD7SBcuLTRTRAneFKgTH",
      "xpub": "tpubDDdKBmhYZnsQzopuNZLEP3SVPkXDck58jYQ3QjZ1CrYm5FC2yP4MzcuUq5sGGaui58tvE7D7mFyYuKPdgUsNTiVWdoFT9Tg2nMVqUEN8Kdf",
      "pubKey": "03db4f9fadddee79aa79591a55548bbb74018ec82460718bba4e46746d5b5e4d32",
      "pubKeyHash": "9c936f4d8104d3fe2749497d53e01eee9e074bd3",
      "pubKeyFingerprint": "9c936f4d",
      "p2pkh": "munrKvk5qGsG63be82rBk34hJqqSnSHWEk",
      "p2sh-p2wpkh": "2Mt8ZpgtsnRnY3Lxed4KTExCvJxgePYwuPy",
      "p2wpkh": "bcrt1qnjfk7nvpqnfluf6ff9748cq7a60qwj7n99m3l6"
    }
  ],
  "dave": [
    {
      "entropy": "6dc790b775c765abbbd981c0cdbbce9e",
      "mnemonic": "horse develop column twist iron still urge coral school horse victory differ",
      "seed": "68dff1e20671ca63775bbbb4a939394044ba598c844df10e8e2ed1ecd8f3816f1aee229ab4c53abb59606670c17e1fe920e95dae002b1c6204679ca6842776bf",
      "xprivMaster": "tprv8ZgxMBicQKsPdqaJLU6VZJ5jDnsQYjY1yzgWovRFziENRjq4YmwNuTTgGrxLivQmTRbVTpNdgyNMwaE2C8DM4D87RGiPkwQy1jkEWN25GzG",
      "privKeyMaster": "d981358d619effdf2f11580f8a4f9b543b8d6b17d4a32dc866d576b2d4dc0a52",
      "wifMaster": "cUsW6L1KQiZMLdvVEf9P7etAzTmPrAoQAwfNWCzmQoCRYEPoxjur",
      "xpubMaster": "tpubD6NzVbkrYhZ4XJc6E7m5xhjqnpPLi4ivZJHJ6STZQz2mGE5qBAky5x5YT1wm7MXDUjUm4bRWdsWnV35gikapLbQaczSbh9MGYEXft8VLrhq",
      "pubKeyMaster": "03e6a1179354dfb1e938e7fdadcb20fa4cd36fe726fe31e723db6197f250699a52",
      "pubKeyFingerprintMaster": "56079739"
    },
    {
      "xpriv": "tprv8g4usdMN5GeR2oru9nZjYXAqNCCG42jt4aYpNLfY2qYFQBUQFnr83KLVjPKvy7Tjfao1Fytb61eJvMbrhF9Z3g14bZNzR84NmB2xLhs7ynE",
      "privKey": "22958827ca160b69dc183eb77c340cc9ce3e72045954fd16ad2ffe54979940e9",
      "wif": "cNjvpAG2cEqnD8WUb9mpGyqYAczBKHZR5Gj7hWPd9CJGxVoWU1K1",
      "xpub": "tpubDCkx23PcDeL5vGth3SEKwvpwwDiCDMvndt9berhqT7LeEfjAtBfiDoxMuXnaZQyTyEtVWPJFmhqgEZzg1Me5Fbrbpz7WyBCibmZUxRJWjXc",
      "pubKey": "02e9d617f38f8c3ab9a6bde36ce991bafb295d7adba457699f8620c8160ec9e87a",
      "pubKeyHash": "9838d506490d8039a446256c1a20a719d873e9c8",
      "pubKeyFingerprint": "9838d506",
      "p2pkh": "muPq5yf84ot8JE7FWvaXfqG3YZGpZx9Zg7",
      "p2sh-p2wpkh": "2NASxJxnyuV5NgurasHoa6bfAfE8aZwz41T",
      "p2wpkh": "bcrt1qnqud2pjfpkqrnfzxy4kp5g98r8v886wgvs9e7r"
    },
    {
      "xpriv": "tprv8g4usdMN5GeR5EXkQ2MyjEyQo5DUayML679ctea3regfe8qdUAom2kuHsTwFwaKcNT3n6rvSXrLsuNgtrmSBKEHqBdjS3pFaFfPnevVTi1N",
      "privKey": "7e1d9149e1d3e00659f2977a91d9b16fd17e5af51c3b00327ffb2ee8462cd80b",
      "wif": "cRorU4b9uwAYuBMdHtLYrfX73hbYGPdedgMQHUJ8Vffz53hDmxn1",
      "xpub": "tpubDCkx23PcDeL5xhZYHg2a8edXN6jQkJYEfQkQBAcMGvV4Ud6Q6ZdMDFXA3d8NLQvRdypwYJT2NS7LZFtU8gzrSQqxu4p6bkkrhf2ubHyLBHg",
      "pubKey": "03a5c879a6456564f3a09374ab8027e3014517a1a54bceeddc3e29916602b2932b",
      "pubKeyHash": "6fccd5594854cca3368a2ebc171a0cdd5a79c7b8",
      "pubKeyFingerprint": "6fccd559",
      "p2pkh": "mqi6gRN8Faaaf6C9YGgKXXNDEuFiRNTCUM",
      "p2sh-p2wpkh": "2MtjZ41f2ELewgXu1FvY4cxEV4ezEU2Y6E7",
      "p2wpkh": "bcrt1qdlxd2k2g2nx2xd52967pwxsvm4d8n3acvwg04s"
    },
    {
      "xpriv": "tprv8g4usdMN5GeR6bJZq18bgk8BgNqmDQvSwdzQP3wcjwvuq1ktWQxip3RjAsoKty8SWCCgGFk8nadJrGd5nfHWicpCQKRTJMorRXrPWHREz1Z",
      "privKey": "543af9d237d3b71d7dd20390d372914c6416709b094bf93849942631814edbfa",
      "wif": "cQQS9rEkW5Gi3TWCysdGGaKSZdQKR7qbBStxQtcA8mb7xipGGq45",
      "xpub": "tpubDCkx23PcDeL5z4LMieoC69nJFQMhNk7MWwbBfZyvADjJfW1f8onJzY3bLzgVByZQFtQS1dCvALAKqpybK51thXYyKWTxgHT1T9sAKmiFBXx",
      "pubKey": "024bbf83821c4102c4bc41846ef02434b78e37a448e8c55a3e6ef0ad701258a755",
      "pubKeyHash": "413bf36c4f490f9b86b59a79616b291617db57cd",
      "pubKeyFingerprint": "413bf36c",
      "p2pkh": "mmTt2ywcvRo91RvutobovP9Q8YZsmpoMTi",
      "p2sh-p2wpkh": "2Mw9fS8Zghno4StubxM3X7oQBFkGAg76KrR",
      "p2wpkh": "bcrt1qgyalxmz0fy8ehp44nfukz6efzctak47dyxlcv5"
    }
  ],
  "eve": [
    {
      "entropy": "d8ec0331d6228a59b17cb412700761f0",
      "mnemonic": "suggest gas small proof chunk coast shine notable bar lens such theme",
      "seed": "ae4a2eda97c884469cb593568e2627e47de956bc67e0ba01362cb751c9cfca43477c303063127092f8dae8224a3decc48fa7649a2dae20068103d0aaa456cb09",
      "xprivMaster": "tprv8ZgxMBicQKsPf97Q1kY8KhHSLtot3X8mUfoPy4EGjKnRCdGrCk9njeiaSFDXi2Y1JhsyoqReUCM77x4aVNCestM2zEhtGDKyk8CDJyBJ9D8",
      "privKeyMaster": "aee3418891a442e70aa994cc1a53cbbcb4871f69ea859539d3ecfd0b079a2da5",
      "wifMaster": "cTSfGDXQ27akHj1uUh7omWeWLamhZtiDSNNYg3p8oxwrJi9X4QjA",
      "xpubMaster": "tpubD6NzVbkrYhZ4Yc9BuQCij6wYuvKpCrKg3yQBFaGa9bap37Xcq8yNv9LScPDknnEECW7uNDbDxnx1ddnXJqrCd3Rdw6u2Thm5weY4ffZXbaM",
      "pubKeyMaster": "033a24eb95576c816e0c7dc1cef571bd9dd2fac8bc11ab3cdba0da49c2cf9070e2",
      "pubKeyFingerprintMaster": "8be2c68c"
    },
    {
      "xpriv": "tprv8gi1x9A98qduZExYc2cwtUtxDAuuRjF5CmR2sWUP73UzcnPLpAmWaFZD85bYvPuhwCwHucydzniA1U6Cmr6XQyVyFEnBhFnYQCS3ignKnPv",
      "privKey": "be1cb1b26446b12d82eb0dfa5c3479d75f3b60922baf200d4ca9f2f8ea9349fb",
      "wif": "cTxFj3T9nfEjCM21WdYz67yU3FwyptYkXVuznvUS54admvLuNQ6C",
      "xpub": "tpubDDQ46ZCPHDKaShzLVgHYHtZ4nCRqb4Ryn51pA2WgXKHPTGe7SZb6kkB5JDh5roQrcGoB43qLnQNhomvzA5u1qtzWLCjH3ebRbEG3Nio4iQn",
      "pubKey": "03556bb5a184b64757b70e54c6f067420709971ab4178aebffa338bf6a1db2e3ab",
      "pubKeyHash": "6e8f348d0aa3a3ee16440b9496f3d3c0ccf66f6b",
      "pubKeyFingerprint": "6e8f348d",
      "p2pkh": "mqbYBESF4bib4VTmsqe6twxMDKtVpeeJpt",
      "p2sh-p2wpkh": "2N5AemJdXmQbLwF1ndhBtLRocE1UhP2Ja9M",
      "p2wpkh": "bcrt1qd68nfrg25w37u9jypw2fdu7ncrx0vmmtwgeht9"
    },
    {
      "xpriv": "tprv8gi1x9A98qdubPYqD8DBMZvj5eTUDb6hT7CCWkWFeDfovcWitrN1Fo9vg5HZGNpYeTKyRV2aWk9XJJLipQD4rgi2XAXJbuXAUBDRvRxyfg2",
      "privKey": "db1bcd042e7bbb6d05e6babe0c21d0220f0478838a45e1521575b34829653920",
      "wif": "cUvcvLkMU6RsTkJNr7JE1rrVPaprPDQCGSELSmmUEWkxUnXUBcHZ",
      "xpub": "tpubDDQ46ZCPHDKaUrad6msmkyaqefyQNvHc2QnyoGYZ4VUCm6mVXFBbSHmnrBGbMWcix5hRjYQLg3BEtHTqTZGzFCzez5wbjtGWD6KpP9r9n3R",
      "pubKey": "025c459bb32a91d73cad6923de83b7a67887516ce37d7b00947cdeb0c1218d6953",
      "pubKeyHash": "40f4168cf1d7aa67906875f089f1b3ada928fc03",
      "pubKeyFingerprint": "40f4168c",
      "p2pkh": "mmSPwsM5Hb7fp8qoXosGJSZJu1rjwh7CzR",
      "p2sh-p2wpkh": "2Mv9PBWD2aeN69TrgTg8ebTKEoAXRtaTdzV",
      "p2wpkh": "bcrt1qgr6pdr83674x0yrgwhcgnudn4k5j3lqrseu8hw"
    },
    {
      "xpriv": "tprv8gi1x9A98qdud5xGGCSCg1gwaaXi7zyPBPj4xTNGG1xcAeVAbWBxRqEoaDGRJSjZ9ZQ6i7jc8Wx8qR3LEUpiy4krtDNCue1idSkXC36vXvi",
      "privKey": "4ba20aa8ebc34a2ac221b910d14e333f0cdd727d9583ad6e83be14b61d49111f",
      "wif": "cQ7iqwQsmNYL4SefBytLZ7pG54PwZrtnXVqXcpaarK6XRf1mspRb",
      "xpub": "tpubDDQ46ZCPHDKaWYz49r6o5RM49c3eHLAHkhKrEyQZgHm118jwDu1YcKrfkLfPpvFKTx1jsKWEX837DmFUgAGggwyrPRL9aUaBzgzk84oGtko",
      "pubKey": "0286d90b1ac602ebf284124fa0176805a082a96142174e873b78ed1b45de12aff1",
      "pubKeyHash": "9d9d7e65ba7d3570427bcb76afcad36441d8f1d8",
      "pubKeyFingerprint": "9d9d7e65",
      "p2pkh": "mutM42bNg6771m5snDwtydYc8Qu8f5s1W4",
      "p2sh-p2wpkh": "2Msw3vdHpm76YsqzCFbgbRka2NEecnSFHZe",
      "p2wpkh": "bcrt1qnkwhued6056hqsnmedm2ljknv3qa3uwcdzza8r"
    }
  ],
  "mallory": [
    {
      "entropy": "6af8462dd020ff7e2239a0a346d27448",
      "mnemonic": "helmet season merge park avocado sample material cross person custom other mountain",
      "seed": "9920708cb2a882ac9311183ee34b0d8ec502a05204ab3027cfea6495ff08184fbaa353a8268e3ba06643eab9bf81f023819d9ed5209f412eb2f17adb5a0bfaaa",
      "xprivMaster": "tprv8ZgxMBicQKsPfMQxJYYS6L3m1mXgAPQuUfhZVuseZgHKgWcSAgLqUJsuXMR9CxNCnajd7JvtfK9yFoV3cbr5uS4XMVKd2BGxccyN5kRctQe",
      "privKeyMaster": "c113fb4b0f3ae465a5981759821dbcca81cb7bf654e2483741d2d820bd5be421",
      "wifMaster": "cU4282H3GUTtCjcXG6gByehpxZQ1RdUeB9pgPedeZakYEH77AvAX",
      "xpubMaster": "tpubD6NzVbkrYhZ4YpSkCCD2Vjhsao3cKibp3yJLnRuwyx5iWzsCo5AReoVmhVUqMc19owzFx453Cu2MkHZ4PRCznwvCqu6nUyr1S7KV4pxUYzb",
      "pubKeyMaster": "035434c0a3de4b7ff76c8f43dbb027ff962eeb8631c9ab520edae163970bf930f5",
      "pubKeyFingerprintMaster": "6d851146"
    },
    {
      "xpriv": "tprv8gxXKvjGCb1ufMx55dAGtijwKHVw262P22dREZ8zDjhVCCf9gNFD63ZFmM9qhVTKZza6yWxCmtErPZFgnL7K5JiQTJFEijCvCUF46MdVFVL",
      "privKey": "751bd339c907e21d638e9bad793c81139a9da23ba634be94fc8b64a64f553db2",
      "wif": "cRWLzy2pD7cLnERzUk1vy4ouDdjXjjVbWgUg3VZ2PatAZzgtJFPc",
      "xpub": "tpubDDeZULmWLxhaYpyryGpsJ8Q3tK1sBRDHbLECX5BHe1Vt2guvJm4oGYB7wTDJorVRG3CEs5sTLMRFG8vGorSEoxkb6vhy6bccwuicePB7f5X",
      "pubKey": "020055836de77cc0836ea3d713879929dd4ed4e619b92b607111c6de23c3553a73",
      "pubKeyHash": "b2289f5c18e6af46b6786d9e53ed3124b36ff070",
      "pubKeyFingerprint": "b2289f5c",
      "p2pkh": "mwkyEhauZdkziHJijx9rwZgShr9gYi9Hkh",
      "p2sh-p2wpkh": "2N7HGKwJF8R2qVCGm3NnZrnFLZzHfudQirj",
      "p2wpkh": "bcrt1qkg5f7hqcu6h5ddncdk098mf3yjeklurs02ny62"
    },
    {
      "xpriv": "tprv8gxXKvjGCb1ufuxS6fvYRx76wiMnEufrBt186qtYqx3cdfJR5qC2E3qASHwoCUR7KvWmwMyD4GUsBdTfdYr7fQ6HsDoRkQjZepWxiTPH2fH",
      "privKey": "ffdcbe4f5e291fd510e538b6bb3a6baffd773568135a3e7d58d88c3f9802d25e",
      "wif": "cWA4h9h9h1rBKEkGFWD31TAWC4z5JVybBenGNZsJQBTC5wL6wDxM",
      "xpub": "tpubDDeZULmWLxhaZNzDzKb8qMmDWjsiQErkmBbuPMvrGDr1U9ZBiE1cQYT2cPFH2RMDeNFwF1DTQ5FS7H8EUyhhptKUM5yW4nQ1hfoiJcHPk9R",
      "pubKey": "02273553c876ea756448a71d85b52f8d10e3413202cbf60865ee078987e82a9594",
      "pubKeyHash": "b7e4a67d7519e27fe055e8f510757e4579274938",
      "pubKeyFingerprint": "b7e4a67d",
      "p2pkh": "mxHHs4fNt1mBh4gz5MWegw4KYbGwPLXSUk",
      "p2sh-p2wpkh": "2Mx5KXS8zWPdSZ85JDYeBWi2HZZ5oTpy8bT",
      "p2wpkh": "bcrt1qklj2vlt4r838lcz4ar63qat7g4ujwjfcq44j54"
    },
    {
      "xpriv": "tprv8gxXKvjGCb1uidca4SXuUJJdK23mBBxtZUT91vGMLgJEEuxF35FHHCnCwqoFjTgL7Gb1AK8cgwCgy3TDq8oef5oDAFzssDiiVm3bDLcgLau",
      "privKey": "658ef2f5f718d9a9d4218ad36e139189d682dcb680e75aedd3fd0a54d3011579",
      "wif": "cQz7nqBJBK2ciUBDnwyu5Abe6RhV5o64DjfGyGeTzW1YJaS1bEUD",
      "xpub": "tpubDDeZULmWLxhac6eMx6CVshxjt3ZhLX9o8n3vJSJekx6d5QD1fU4sThQ57x3YdXWyS9YVnYs4u6JajhBNQpUJRGTR8dnGaAg8F58hT6GHAs9",
      "pubKey": "02095c5d50d7baf0ba1de83e2991a17462b42ea9aa996dcea97e428f23fef56d3f",
      "pubKeyHash": "8a8e8595c370c147f5692bc88c61d40bae4c2df5",
      "pubKeyFingerprint": "8a8e8595",
      "p2pkh": "mt9aH7gacU77TpobHcbMtkBZZ5PmjGryvn",
      "p2sh-p2wpkh": "2N8AXBf2RBTA1vBJnHphihrDF9pgAiyim3y",
      "p2wpkh": "bcrt1q328gt9wrwrq50atf90ygccw5pwhyct04vdwxnw"
    }
  ]
}
